x-axis,2
second,Volt
-449.9900E-03,+1.4105025E+00
-449.5400E-03,+2.5034673E+00
-449.0900E-03,-6.6171358E+00
-448.6400E-03,+9.3376382E+00
-448.1900E-03,-12.5467841E+00
-447.7400E-03,+13.9607538E+00
-447.2900E-03,-13.3633670E+00
-446.8400E-03,+12.1517086E+00
-446.3900E-03,-9.3432665E+00
-445.9400E-03,+4.9280904E+00
-445.4900E-03,-2.1070855E+00
-445.0400E-03,-2.6975378E+00
-444.5900E-03,+5.9205527E+00
-444.1400E-03,-10.7377388E+00
-443.6900E-03,+11.5486935E+00
-443.2400E-03,-13.7528142E+00
-442.7900E-03,+13.1692965E+00
-442.3400E-03,-11.7553268E+00
-441.8900E-03,+8.5461809E+00
-441.4400E-03,-5.1221609E+00
-440.9900E-03,+1.3099999E+00
-440.5400E-03,+2.7044723E+00
-440.0900E-03,-7.1196484E+00
-439.6400E-03,+10.7446734E+00
-439.1900E-03,-12.6472866E+00
-438.7400E-03,+13.1692965E+00
-438.2900E-03,-13.3633670E+00
-437.8400E-03,+10.7572362E+00
-437.3900E-03,-9.4437690E+00
-436.9400E-03,+4.7270854E+00
-436.4900E-03,-1.8055780E+00
-436.0400E-03,-3.5015579E+00
-435.5900E-03,+6.6240703E+00
-435.1400E-03,-9.9337187E+00
-434.6900E-03,+12.1642714E+00
-434.2400E-03,-13.7528142E+00
-433.7900E-03,+13.2572362E+00
-433.3400E-03,-12.1573368E+00
-432.8900E-03,+9.1491960E+00
-432.4400E-03,-5.9261810E+00
-431.9900E-03,+1.3099999E+00
-431.5400E-03,+2.9054773E+00
-431.0900E-03,-6.6171358E+00
-430.6400E-03,+9.3376382E+00
-430.1900E-03,-12.6472866E+00
-429.7400E-03,+14.1617588E+00
-429.2900E-03,-13.4638695E+00
-428.8400E-03,+11.3602513E+00
-428.3900E-03,-9.7452765E+00
-427.9400E-03,+5.9331156E+00
-427.4900E-03,-1.8055780E+00
-427.0400E-03,-2.8985428E+00
-426.5900E-03,+6.2220603E+00
-426.1400E-03,-10.3357288E+00
-425.6900E-03,+12.3527136E+00
-425.2400E-03,-13.5518092E+00
-424.7900E-03,+13.2572362E+00
-424.3400E-03,-11.9563318E+00
-423.8900E-03,+8.2446734E+00
-423.4400E-03,-5.3231659E+00
-422.9900E-03,+719.5477E-03
-422.5400E-03,+2.9054773E+00
-422.0900E-03,-6.9186433E+00
-421.6400E-03,+9.5386432E+00
-421.1900E-03,-12.3457791E+00
-420.7400E-03,+12.9557287E+00
-420.2900E-03,-13.5643720E+00
-419.8400E-03,+11.1592463E+00
-419.3900E-03,-9.3432665E+00
-418.9400E-03,+4.5260804E+00
-418.4900E-03,-2.0065830E+00
-418.0400E-03,-2.2955277E+00
-417.5900E-03,+6.4230653E+00
-417.1400E-03,-10.1347238E+00
-416.6900E-03,+12.5537186E+00
-416.2400E-03,-13.7528142E+00
-415.7900E-03,+12.5662814E+00
-415.3400E-03,-12.5593469E+00
-414.8900E-03,+8.8476884E+00
-414.4400E-03,-6.3281911E+00
-413.9900E-03,+1.2220602E+00
-413.5400E-03,+2.7044723E+00
-413.0900E-03,-7.1196484E+00
-412.6400E-03,+9.1366332E+00
-412.1900E-03,-12.3457791E+00
-411.7400E-03,+13.5713066E+00
-411.2900E-03,-13.6648745E+00
-410.8400E-03,+10.5562312E+00
-410.3900E-03,-9.5442715E+00
-409.9400E-03,+5.7321105E+00
-409.4900E-03,-2.1070855E+00
-409.0400E-03,-3.5015579E+00
-408.5900E-03,+6.4230653E+00
-408.1400E-03,-10.5367338E+00
-407.6900E-03,+11.9507035E+00
-407.2400E-03,-13.7528142E+00
-406.7900E-03,+12.6667840E+00
-406.3400E-03,-12.3583419E+00
-405.8900E-03,+8.3451759E+00
-405.4400E-03,-5.9261810E+00
-404.9900E-03,+1.4105025E+00
-404.5400E-03,+1.9004522E+00
-404.0900E-03,-6.8181408E+00
-403.6400E-03,+11.1466834E+00
-403.1900E-03,-12.5593469E+00
-402.7400E-03,+13.1692965E+00
-402.2900E-03,-13.5643720E+00
-401.8400E-03,+11.7622613E+00
-401.3900E-03,-9.2427640E+00
-400.9400E-03,+5.3301005E+00
-400.4900E-03,-2.2075880E+00
-400.0400E-03,-3.3005529E+00
-399.5900E-03,+5.9205527E+00
-399.1400E-03,-10.7377388E+00
-398.6900E-03,+11.9507035E+00
-398.2400E-03,-13.7528142E+00
-397.7900E-03,+13.4582412E+00
-397.3400E-03,-12.1573368E+00
-396.8900E-03,+8.6466834E+00
-396.4400E-03,-6.3281911E+00
-395.9900E-03,+1.3099999E+00
-395.5400E-03,+2.1014572E+00
-395.0900E-03,-6.8181408E+00
-394.6400E-03,+9.7396482E+00
-394.1900E-03,-12.3457791E+00
-393.7400E-03,+12.9682915E+00
-393.2900E-03,-13.5643720E+00
-392.8400E-03,+10.9582412E+00
-392.3900E-03,-9.3432665E+00
-391.9400E-03,+4.9280904E+00
-391.4900E-03,-1.9060805E+00
-391.0400E-03,-2.4965328E+00
-390.5900E-03,+6.9255779E+00
-390.1400E-03,-10.5367338E+00
-389.6900E-03,+11.5612563E+00
-389.2400E-03,-13.5643720E+00
-388.7900E-03,+12.7672865E+00
-388.3400E-03,-11.7553268E+00
-387.8900E-03,+8.4456784E+00
-387.4400E-03,-6.1271860E+00
-386.9900E-03,+920.5527E-03
-386.5400E-03,+2.1014572E+00
-386.0900E-03,-6.8181408E+00
-385.6400E-03,+9.7396482E+00
-385.1900E-03,-12.4462816E+00
-384.7400E-03,+12.9557287E+00
-384.2900E-03,-13.4638695E+00
-383.8400E-03,+12.7547237E+00
-383.3900E-03,-9.4437690E+00
-382.9400E-03,+5.3301005E+00
-382.4900E-03,-1.6045729E+00
-382.0400E-03,-2.6975378E+00
-381.5900E-03,+6.1215578E+00
-381.1400E-03,-9.9337187E+00
-380.6900E-03,+12.8552262E+00
-380.2400E-03,-13.7528142E+00
-379.7900E-03,+12.6542211E+00
-379.3400E-03,-12.3583419E+00
-378.8900E-03,+8.5461809E+00
-378.4400E-03,-6.3281911E+00
-377.9900E-03,+1.8125125E+00
-377.5400E-03,+1.9004522E+00
-377.0900E-03,-7.2201509E+00
-376.6400E-03,+9.9406533E+00
-376.1900E-03,-12.6472866E+00
-375.7400E-03,+14.3627639E+00
-375.2900E-03,-13.5643720E+00
-374.8400E-03,+11.3602513E+00
-374.3900E-03,-9.3432665E+00
-373.9400E-03,+5.5311055E+00
-373.4900E-03,-1.9060805E+00
-373.0400E-03,-2.4965328E+00
-372.5900E-03,+6.0210553E+00
-372.1400E-03,-9.9337187E+00
-371.6900E-03,+11.5486935E+00
-371.2400E-03,-13.5518092E+00
-370.7900E-03,+12.7672865E+00
-370.3400E-03,-12.3583419E+00
-369.8900E-03,+8.8476884E+00
-369.4400E-03,-5.9261810E+00
-368.9900E-03,+1.2220602E+00
-368.5400E-03,+2.3024623E+00
-368.0900E-03,-6.8181408E+00
-367.6400E-03,+9.3376382E+00
-367.1900E-03,-12.4462816E+00
-366.7400E-03,+13.7597488E+00
-366.2900E-03,-13.5643720E+00
-365.8400E-03,+12.7547237E+00
-365.3900E-03,-9.4437690E+00
-364.9400E-03,+4.7270854E+00
-364.4900E-03,-1.5040704E+00
-364.0400E-03,-2.2955277E+00
-363.5900E-03,+5.8200502E+00
-363.1400E-03,-10.1347238E+00
-362.6900E-03,+12.8552262E+00
-362.2400E-03,-13.7528142E+00
-361.7900E-03,+12.9682915E+00
-361.3400E-03,-11.9563318E+00
-360.8900E-03,+8.5461809E+00
-360.4400E-03,-5.3231659E+00
-359.9900E-03,+1.2220602E+00
-359.5400E-03,+2.3024623E+00
-359.0900E-03,-6.7176383E+00
-358.6400E-03,+8.9481910E+00
-358.1900E-03,-12.3457791E+00
-357.7400E-03,+13.9607538E+00
-357.2900E-03,-13.5643720E+00
-356.8400E-03,+12.1642714E+00
-356.3900E-03,-9.2427640E+00
-355.9400E-03,+5.9331156E+00
-355.4900E-03,-1.8055780E+00
-355.0400E-03,-2.8985428E+00
-354.5900E-03,+6.0210553E+00
-354.1400E-03,-10.1347238E+00
-353.6900E-03,+12.6542211E+00
-353.2400E-03,-13.5518092E+00
-352.7900E-03,+13.3703015E+00
-352.3400E-03,-12.1573368E+00
-351.8900E-03,+9.0486935E+00
-351.4400E-03,-5.7251760E+00
-350.9900E-03,+1.2220602E+00
-350.5400E-03,+2.1014572E+00
-350.0900E-03,-7.1196484E+00
-349.6400E-03,+9.7396482E+00
-349.1900E-03,-12.2452765E+00
-348.7400E-03,+12.7547237E+00
-348.2900E-03,-13.5643720E+00
-347.8400E-03,+11.1592463E+00
-347.3900E-03,-9.5442715E+00
-346.9400E-03,+5.9331156E+00
-346.4900E-03,-2.4085931E+00
-346.0400E-03,-2.2955277E+00
-345.5900E-03,+6.0210553E+00
-345.1400E-03,-10.5367338E+00
-344.6900E-03,+12.7547237E+00
-344.2400E-03,-13.7528142E+00
-343.7900E-03,+12.9682915E+00
-343.3400E-03,-11.9563318E+00
-342.8900E-03,+9.1491960E+00
-342.4400E-03,-5.7251760E+00
-341.9900E-03,+1.8125125E+00
-341.5400E-03,+1.9004522E+00
-341.0900E-03,-6.6171358E+00
-340.6400E-03,+9.7396482E+00
-340.1900E-03,-12.5467841E+00
-339.7400E-03,+12.9682915E+00
-339.2900E-03,-13.5643720E+00
-338.8400E-03,+11.3602513E+00
-338.3900E-03,-9.7452765E+00
-337.9400E-03,+4.9406532E+00
-337.4900E-03,-1.8055780E+00
-337.0400E-03,-3.0995478E+00
-336.5900E-03,+6.1215578E+00
-336.1400E-03,-9.9337187E+00
-335.6900E-03,+11.8502010E+00
-335.2400E-03,-13.7528142E+00
-334.7900E-03,+13.4708041E+00
-334.3400E-03,-12.1573368E+00
-333.8900E-03,+8.6466834E+00
-333.4400E-03,-6.1271860E+00
-332.9900E-03,+1.4105025E+00
-332.5400E-03,+2.5034673E+00
-332.0900E-03,-6.9186433E+00
-331.6400E-03,+10.5436684E+00
-331.1900E-03,-12.2452765E+00
-330.7400E-03,+12.9557287E+00
-330.2900E-03,-13.6648745E+00
-329.8400E-03,+12.5537186E+00
-329.3900E-03,-9.4437690E+00
-328.9400E-03,+5.7321105E+00
-328.4900E-03,-1.9060805E+00
-328.0400E-03,-3.3005529E+00
-327.5900E-03,+6.6240703E+00
-327.1400E-03,-9.9337187E+00
-326.6900E-03,+11.5486935E+00
-326.2400E-03,-13.5518092E+00
-325.7900E-03,+13.8728141E+00
-325.3400E-03,-11.9563318E+00
-324.8900E-03,+9.1491960E+00
-324.4400E-03,-6.3281911E+00
-323.9900E-03,+1.2220602E+00
-323.5400E-03,+2.3024623E+00
-323.0900E-03,-6.6171358E+00
-322.6400E-03,+9.1366332E+00
-322.1900E-03,-12.1447740E+00
-321.7400E-03,+12.7672865E+00
-321.2900E-03,-13.3633670E+00
-320.8400E-03,+11.7622613E+00
-320.3900E-03,-9.4437690E+00
-319.9400E-03,+5.9331156E+00
-319.4900E-03,-2.0065830E+00
-319.0400E-03,-2.2955277E+00
-318.5900E-03,+6.4230653E+00
-318.1400E-03,-9.5317087E+00
-317.6900E-03,+11.7496985E+00
-317.2400E-03,-13.7528142E+00
-316.7900E-03,+13.4708041E+00
-316.3400E-03,-12.3583419E+00
-315.8900E-03,+8.8476884E+00
-315.4400E-03,-5.7251760E+00
-314.9900E-03,+1.9130150E+00
-314.5400E-03,+2.5034673E+00
-314.0900E-03,-6.9186433E+00
-313.6400E-03,+9.3376382E+00
-313.1900E-03,-12.5467841E+00
-312.7400E-03,+13.7597488E+00
-312.2900E-03,-13.4638695E+00
-311.8400E-03,+10.9582412E+00
-311.3900E-03,-9.2427640E+00
-310.9400E-03,+5.1290955E+00
-310.4900E-03,-2.4085931E+00
-310.0400E-03,-3.5015579E+00
-309.5900E-03,+6.2220603E+00
-309.1400E-03,-9.9337187E+00
-308.6900E-03,+12.3652764E+00
-308.2400E-03,-13.7528142E+00
-307.7900E-03,+13.5587438E+00
-307.3400E-03,-11.7553268E+00
-306.8900E-03,+9.1491960E+00
-306.4400E-03,-5.9261810E+00
-305.9900E-03,+820.0502E-03
-305.5400E-03,+1.6994472E+00
-305.0900E-03,-7.3206534E+00
-304.6400E-03,+9.9406533E+00
-304.1900E-03,-12.4462816E+00
-303.7400E-03,+12.5537186E+00
-303.2900E-03,-13.3633670E+00
-302.8400E-03,+11.9632664E+00
-302.3900E-03,-9.5442715E+00
-301.9400E-03,+6.3351256E+00
-301.4900E-03,-1.9060805E+00
-301.0400E-03,-2.6975378E+00
-300.5900E-03,+5.8200502E+00
-300.1400E-03,-10.1347238E+00
-299.6900E-03,+12.0512061E+00
-299.2400E-03,-13.7528142E+00
-298.7900E-03,+13.2697990E+00
-298.3400E-03,-12.1573368E+00
-297.8900E-03,+8.2446734E+00
-297.4400E-03,-5.7251760E+00
-296.9900E-03,+1.3099999E+00
-296.5400E-03,+2.1014572E+00
-296.0900E-03,-6.6171358E+00
-295.6400E-03,+9.9406533E+00
-295.1900E-03,-12.5467841E+00
-294.7400E-03,+12.9682915E+00
-294.2900E-03,-13.5643720E+00
-293.8400E-03,+11.3602513E+00
-293.3900E-03,-9.5442715E+00
-292.9400E-03,+5.3301005E+00
-292.4900E-03,-2.8106031E+00
-292.0400E-03,-3.3005529E+00
-291.5900E-03,+6.3100000E+00
-291.1400E-03,-10.1347238E+00
-290.6900E-03,+11.8502010E+00
-290.2400E-03,-13.5518092E+00
-289.7900E-03,+12.5662814E+00
-289.3400E-03,-11.9563318E+00
-288.8900E-03,+9.1491960E+00
-288.4400E-03,-6.1271860E+00
-287.9900E-03,+1.8125125E+00
-287.5400E-03,+1.9004522E+00
-287.0900E-03,-7.1196484E+00
-286.6400E-03,+9.3376382E+00
-286.1900E-03,-12.5467841E+00
-285.7400E-03,+14.1617588E+00
-285.2900E-03,-13.6648745E+00
-284.8400E-03,+11.1592463E+00
-284.3900E-03,-9.9462816E+00
-283.9400E-03,+5.5311055E+00
-283.4900E-03,-2.4085931E+00
-283.0400E-03,-2.4965328E+00
-282.5900E-03,+6.1215578E+00
-282.1400E-03,-9.9337187E+00
-281.6900E-03,+12.2647739E+00
-281.2400E-03,-13.7528142E+00
-280.7900E-03,+13.4582412E+00
-280.3400E-03,-11.9563318E+00
-279.8900E-03,+8.9481910E+00
-279.4400E-03,-6.1271860E+00
-278.9900E-03,+1.1215577E+00
-278.5400E-03,+1.9004522E+00
-278.0900E-03,-6.7176383E+00
-277.6400E-03,+9.9406533E+00
-277.1900E-03,-12.3457791E+00
-276.7400E-03,+12.5662814E+00
-276.2900E-03,-13.5643720E+00
-275.8400E-03,+10.9582412E+00
-275.3900E-03,-9.5442715E+00
-274.9400E-03,+5.1290955E+00
-274.4900E-03,-2.3080905E+00
-274.0400E-03,-2.6975378E+00
-273.5900E-03,+5.8200502E+00
-273.1400E-03,-9.7327137E+00
-272.6900E-03,+12.0512061E+00
-272.2400E-03,-13.7528142E+00
-271.7900E-03,+12.8677890E+00
-271.3400E-03,-12.1573368E+00
-270.8900E-03,+9.0486935E+00
-270.4400E-03,-6.7302011E+00
-269.9900E-03,+1.2220602E+00
-269.5400E-03,+1.6994472E+00
-269.0900E-03,-6.3156283E+00
-268.6400E-03,+10.1416583E+00
-268.1900E-03,-12.3457791E+00
-267.7400E-03,+12.9557287E+00
-267.2900E-03,-13.5643720E+00
-266.8400E-03,+11.5612563E+00
-266.3900E-03,-9.5442715E+00
-265.9400E-03,+5.9331156E+00
-265.4900E-03,-2.6095981E+00
-265.0400E-03,-3.0995478E+00
-264.5900E-03,+6.0210553E+00
-264.1400E-03,-9.7327137E+00
-263.6900E-03,+11.4481910E+00
-263.2400E-03,-13.7528142E+00
-262.7900E-03,+13.0687940E+00
-262.3400E-03,-12.1573368E+00
-261.8900E-03,+9.4632663E+00
-261.4400E-03,-6.7302011E+00
-260.9900E-03,+1.2220602E+00
-260.5400E-03,+1.3099999E+00
-260.0900E-03,-6.3156283E+00
-259.6400E-03,+10.3426633E+00
-259.1900E-03,-12.3457791E+00
-258.7400E-03,+14.1617588E+00
-258.2900E-03,-13.5643720E+00
-257.8400E-03,+12.7672865E+00
-257.3900E-03,-9.9462816E+00
-256.9400E-03,+4.9280904E+00
-256.4900E-03,-2.6095981E+00
-256.0400E-03,-3.3005529E+00
-255.5900E-03,+6.3225628E+00
-255.1400E-03,-9.9337187E+00
-254.6900E-03,+12.3527136E+00
-254.2400E-03,-13.5518092E+00
-253.7900E-03,+13.7723116E+00
-253.3400E-03,-11.9563318E+00
-252.8900E-03,+9.3502010E+00
-252.4400E-03,-5.9261810E+00
-251.9900E-03,+1.3099999E+00
-251.5400E-03,+1.6994472E+00
-251.0900E-03,-6.7176383E+00
-250.6400E-03,+8.7346231E+00
-250.1900E-03,-12.3457791E+00
-249.7400E-03,+12.5537186E+00
-249.2900E-03,-13.4638695E+00
-248.8400E-03,+11.7622613E+00
-248.3900E-03,-9.9462816E+00
-247.9400E-03,+5.7321105E+00
-247.4900E-03,-2.9111056E+00
-247.0400E-03,-2.0945227E+00
-246.5900E-03,+6.1215578E+00
-246.1400E-03,-9.7327137E+00
-245.6900E-03,+11.8502010E+00
-245.2400E-03,-13.5518092E+00
-244.7900E-03,+13.3577387E+00
-244.3400E-03,-12.1573368E+00
-243.8900E-03,+9.1491960E+00
-243.4400E-03,-6.9312062E+00
-242.9900E-03,+1.6115075E+00
-242.5400E-03,+1.6994472E+00
-242.0900E-03,-6.9186433E+00
-241.6400E-03,+8.9356281E+00
-241.1900E-03,-12.4462816E+00
-240.7400E-03,+12.9557287E+00
-240.2900E-03,-13.5643720E+00
-239.8400E-03,+11.7622613E+00
-239.3900E-03,-10.1472866E+00
-238.9400E-03,+5.9331156E+00
-238.4900E-03,-2.1070855E+00
-238.0400E-03,-2.8985428E+00
-237.5900E-03,+6.0210553E+00
-237.1400E-03,-9.7327137E+00
-236.6900E-03,+12.3527136E+00
-236.2400E-03,-13.5643720E+00
-235.7900E-03,+13.7597488E+00
-235.3400E-03,-11.7553268E+00
-234.8900E-03,+8.5461809E+00
-234.4400E-03,-6.5291961E+00
-233.9900E-03,+1.5110050E+00
-233.5400E-03,+1.6994472E+00
-233.0900E-03,-6.6171358E+00
-232.6400E-03,+9.7396482E+00
-232.1900E-03,-12.4462816E+00
-231.7400E-03,+12.9557287E+00
-231.2900E-03,-13.4638695E+00
-230.8400E-03,+11.1592463E+00
-230.3900E-03,-9.5442715E+00
-229.9400E-03,+5.7321105E+00
-229.4900E-03,-2.6095981E+00
-229.0400E-03,-2.6975378E+00
-228.5900E-03,+6.0210553E+00
-228.1400E-03,-9.7327137E+00
-227.6900E-03,+11.8502010E+00
-227.2400E-03,-13.5643720E+00
-226.7900E-03,+13.4582412E+00
-226.3400E-03,-11.9563318E+00
-225.8900E-03,+9.4507035E+00
-225.4400E-03,-6.1271860E+00
-224.9900E-03,+1.7120100E+00
-224.5400E-03,+2.1014572E+00
-224.0900E-03,-7.0191459E+00
-223.6400E-03,+9.3376382E+00
-223.1900E-03,-12.1447740E+00
-222.7400E-03,+12.3652764E+00
-222.2900E-03,-13.4638695E+00
-221.8400E-03,+11.3602513E+00
-221.3900E-03,-9.7452765E+00
-220.9400E-03,+5.5311055E+00
-220.4900E-03,-2.5090956E+00
-220.0400E-03,-3.0995478E+00
-219.5900E-03,+5.8200502E+00
-219.1400E-03,-9.3307037E+00
-218.6900E-03,+12.6542211E+00
-218.2400E-03,-13.7528142E+00
-217.7900E-03,+13.1567337E+00
-217.3400E-03,-11.9563318E+00
-216.8900E-03,+9.3502010E+00
-216.4400E-03,-5.9261810E+00
-215.9900E-03,+1.1215577E+00
-215.5400E-03,+2.5034673E+00
-215.0900E-03,-6.6171358E+00
-214.6400E-03,+10.5436684E+00
-214.1900E-03,-12.1447740E+00
-213.7400E-03,+14.1617588E+00
-213.2900E-03,-13.4638695E+00
-212.8400E-03,+12.1642714E+00
-212.3900E-03,-9.5442715E+00
-211.9400E-03,+5.7321105E+00
-211.4900E-03,-2.4085931E+00
-211.0400E-03,-2.8985428E+00
-210.5900E-03,+5.6190452E+00
-210.1400E-03,-9.5317087E+00
-209.6900E-03,+11.7496985E+00
-209.2400E-03,-13.7528142E+00
-208.7900E-03,+12.8677890E+00
-208.3400E-03,-12.3583419E+00
-207.8900E-03,+9.0361307E+00
-207.4400E-03,-6.5291961E+00
-206.9900E-03,+1.4105025E+00
-206.5400E-03,+1.6994472E+00
-206.0900E-03,-6.3156283E+00
-205.6400E-03,+8.9481910E+00
-205.1900E-03,-12.2452765E+00
-204.7400E-03,+12.7672865E+00
-204.2900E-03,-13.6648745E+00
-203.8400E-03,+11.5612563E+00
-203.3900E-03,-9.8457790E+00
-202.9400E-03,+5.5311055E+00
-202.4900E-03,-2.1070855E+00
-202.0400E-03,-2.4965328E+00
-201.5900E-03,+6.5235678E+00
-201.1400E-03,-10.5367338E+00
-200.6900E-03,+11.6617588E+00
-200.2400E-03,-13.5643720E+00
-199.7900E-03,+12.7672865E+00
-199.3400E-03,-12.5593469E+00
-198.8900E-03,+9.3502010E+00
-198.4400E-03,-6.1271860E+00
-197.9900E-03,+1.6115075E+00
-197.5400E-03,+2.1014572E+00
-197.0900E-03,-6.6171358E+00
-196.6400E-03,+9.3376382E+00
-196.1900E-03,-12.4462816E+00
-195.7400E-03,+13.7723116E+00
-195.2900E-03,-13.5643720E+00
-194.8400E-03,+12.1642714E+00
-194.3900E-03,-10.1472866E+00
-193.9400E-03,+5.1290955E+00
-193.4900E-03,-2.0065830E+00
-193.0400E-03,-2.2955277E+00
-192.5900E-03,+5.9205527E+00
-192.1400E-03,-9.7327137E+00
-191.6900E-03,+12.1642714E+00
-191.2400E-03,-13.5518092E+00
-190.7900E-03,+12.9682915E+00
-190.3400E-03,-12.5593469E+00
-189.8900E-03,+9.7396482E+00
-189.4400E-03,-5.9261810E+00
-188.9900E-03,+2.1140200E+00
-188.5400E-03,+2.7044723E+00
-188.0900E-03,-6.2151257E+00
-187.6400E-03,+10.1416583E+00
-187.1900E-03,-12.2452765E+00
-186.7400E-03,+12.7547237E+00
-186.2900E-03,-13.5643720E+00
-185.8400E-03,+11.9632664E+00
-185.3900E-03,-9.7452765E+00
-184.9400E-03,+5.1290955E+00
-184.4900E-03,-3.1121106E+00
-184.0400E-03,-2.6975378E+00
-183.5900E-03,+6.0210553E+00
-183.1400E-03,-9.5317087E+00
-182.6900E-03,+12.1517086E+00
-182.2400E-03,-13.5518092E+00
-181.7900E-03,+13.3703015E+00
-181.3400E-03,-11.9563318E+00
-180.8900E-03,+8.9481910E+00
-180.4400E-03,-6.5291961E+00
-179.9900E-03,+2.1140200E+00
-179.5400E-03,+2.5034673E+00
-179.0900E-03,-6.5166333E+00
-178.6400E-03,+9.1366332E+00
-178.1900E-03,-12.4462816E+00
-177.7400E-03,+13.1692965E+00
-177.2900E-03,-13.6648745E+00
-176.8400E-03,+12.3527136E+00
-176.3900E-03,-9.4437690E+00
-175.9400E-03,+5.3301005E+00
-175.4900E-03,-2.8106031E+00
-175.0400E-03,-2.0945227E+00
-174.5900E-03,+6.3225628E+00
-174.1400E-03,-9.7327137E+00
-173.6900E-03,+12.0637689E+00
-173.2400E-03,-13.5518092E+00
-172.7900E-03,+12.7672865E+00
-172.3400E-03,-12.3583419E+00
-171.8900E-03,+9.3502010E+00
-171.4400E-03,-7.1322112E+00
-170.9900E-03,+1.1215577E+00
-170.5400E-03,+2.3024623E+00
-170.0900E-03,-6.7176383E+00
-169.6400E-03,+9.3376382E+00
-169.1900E-03,-12.2452765E+00
-168.7400E-03,+13.5587438E+00
-168.2900E-03,-13.6648745E+00
-167.8400E-03,+12.5662814E+00
-167.3900E-03,-9.5442715E+00
-166.9400E-03,+6.5361306E+00
-166.4900E-03,-2.7101006E+00
-166.0400E-03,-2.6975378E+00
-165.5900E-03,+5.5185427E+00
-165.1400E-03,-9.7327137E+00
-164.6900E-03,+11.9507035E+00
-164.2400E-03,-13.7528142E+00
-163.7900E-03,+12.7672865E+00
-163.3400E-03,-12.3583419E+00
-162.8900E-03,+8.8476884E+00
-162.4400E-03,-6.7302011E+00
-161.9900E-03,+1.8125125E+00
-161.5400E-03,+1.1089949E+00
-161.0900E-03,-6.5166333E+00
-160.6400E-03,+10.1416583E+00
-160.1900E-03,-12.4462816E+00
-159.7400E-03,+14.1617588E+00
-159.2900E-03,-13.5643720E+00
-158.8400E-03,+11.5612563E+00
-158.3900E-03,-10.0467841E+00
-157.9400E-03,+5.1290955E+00
-157.4900E-03,-3.1121106E+00
-157.0400E-03,-2.4965328E+00
-156.5900E-03,+6.1215578E+00
-156.1400E-03,-10.3357288E+00
-155.6900E-03,+11.5486935E+00
-155.2400E-03,-13.7528142E+00
-154.7900E-03,+12.9682915E+00
-154.3400E-03,-12.1573368E+00
-153.8900E-03,+9.0486935E+00
-153.4400E-03,-5.7251760E+00
-152.9900E-03,+2.2145226E+00
-152.5400E-03,+1.3099999E+00
-152.0900E-03,-7.0191459E+00
-151.6400E-03,+10.1416583E+00
-151.1900E-03,-12.4462816E+00
-150.7400E-03,+12.9557287E+00
-150.2900E-03,-13.5643720E+00
-149.8400E-03,+11.3602513E+00
-149.3900E-03,-9.7452765E+00
-148.9400E-03,+5.5311055E+00
-148.4900E-03,-2.4085931E+00
-148.0400E-03,-1.6925126E+00
-147.5900E-03,+5.7195477E+00
-147.1400E-03,-9.7327137E+00
-146.6900E-03,+12.5662814E+00
-146.2400E-03,-13.5518092E+00
-145.7900E-03,+13.3703015E+00
-145.3400E-03,-12.5593469E+00
-144.8900E-03,+8.9481910E+00
-144.4400E-03,-6.7302011E+00
-143.9900E-03,+2.3150251E+00
-143.5400E-03,+1.3099999E+00
-143.0900E-03,-6.4161308E+00
-142.6400E-03,+8.9356281E+00
-142.1900E-03,-12.3457791E+00
-141.7400E-03,+12.9682915E+00
-141.2900E-03,-13.6648745E+00
-140.8400E-03,+11.1592463E+00
-140.3900E-03,-9.5442715E+00
-139.9400E-03,+5.9331156E+00
-139.4900E-03,-2.4085931E+00
-139.0400E-03,-2.6975378E+00
-138.5900E-03,+5.3175377E+00
-138.1400E-03,-10.1347238E+00
-137.6900E-03,+11.3476885E+00
-137.2400E-03,-13.5518092E+00
-136.7900E-03,+12.8677890E+00
-136.3400E-03,-12.3583419E+00
-135.8900E-03,+9.3502010E+00
-135.4400E-03,-5.9261810E+00
-134.9900E-03,+1.7120100E+00
-134.5400E-03,+1.9004522E+00
-134.0900E-03,-6.7176383E+00
-133.6400E-03,+9.9406533E+00
-133.1900E-03,-12.3457791E+00
-132.7400E-03,+12.9682915E+00
-132.2900E-03,-13.5643720E+00
-131.8400E-03,+12.3527136E+00
-131.3900E-03,-9.7452765E+00
-130.9400E-03,+5.9331156E+00
-130.4900E-03,-2.5090956E+00
-130.0400E-03,-2.4965328E+00
-129.5900E-03,+5.7195477E+00
-129.1400E-03,-10.1347238E+00
-128.6900E-03,+12.0637689E+00
-128.2400E-03,-13.5518092E+00
-127.7900E-03,+12.7672865E+00
-127.3400E-03,-12.7603519E+00
-126.8900E-03,+9.2496985E+00
-126.4400E-03,-6.5291961E+00
-125.9900E-03,+1.7120100E+00
-125.5400E-03,+1.4984422E+00
-125.0900E-03,-6.4161308E+00
-124.6400E-03,+9.3376382E+00
-124.1900E-03,-12.3457791E+00
-123.7400E-03,+13.9607538E+00
-123.2900E-03,-13.5643720E+00
-122.8400E-03,+11.5612563E+00
-122.3900E-03,-10.0467841E+00
-121.9400E-03,+5.9331156E+00
-121.4900E-03,-3.0116081E+00
-121.0400E-03,-1.6925126E+00
-120.5900E-03,+5.8200502E+00
-120.1400E-03,-9.9337187E+00
-119.6900E-03,+12.5662814E+00
-119.2400E-03,-13.5518092E+00
-118.7900E-03,+12.6542211E+00
-118.3400E-03,-12.3583419E+00
-117.8900E-03,+9.2496985E+00
-117.4400E-03,-5.9261810E+00
-116.9900E-03,+1.9130150E+00
-116.5400E-03,+1.1089949E+00
-116.0900E-03,-6.8181408E+00
-115.6400E-03,+9.5386432E+00
-115.1900E-03,-12.3457791E+00
-114.7400E-03,+12.9682915E+00
-114.2900E-03,-13.6648745E+00
-113.8400E-03,+11.1592463E+00
-113.3900E-03,-10.0467841E+00
-112.9400E-03,+6.3351256E+00
-112.4900E-03,-2.6095981E+00
-112.0400E-03,-2.2955277E+00
-111.5900E-03,+5.6190452E+00
-111.1400E-03,-9.7327137E+00
-110.6900E-03,+11.4481910E+00
-110.2400E-03,-13.3508042E+00
-109.7900E-03,+13.4708041E+00
-109.3400E-03,-12.3583419E+00
-108.8900E-03,+8.8476884E+00
-108.4400E-03,-6.1271860E+00
-107.9900E-03,+1.6115075E+00
-107.5400E-03,+1.4984422E+00
-107.0900E-03,-6.3156283E+00
-106.6400E-03,+10.1416583E+00
-106.1900E-03,-12.5467841E+00
-105.7400E-03,+13.1692965E+00
-105.2900E-03,-13.4638695E+00
-104.8400E-03,+12.7547237E+00
-104.3900E-03,-9.9462816E+00
-103.9400E-03,+5.7321105E+00
-103.4900E-03,-3.1121106E+00
-103.0400E-03,-3.0995478E+00
-102.5900E-03,+5.5185427E+00
-102.1400E-03,-9.7327137E+00
-101.6900E-03,+12.5537186E+00
-101.2400E-03,-13.5518092E+00
-100.7900E-03,+13.1567337E+00
-100.3400E-03,-12.1573368E+00
-99.8900E-03,+9.2496985E+00
-99.4400E-03,-6.3281911E+00
-98.9900E-03,+1.7120100E+00
-98.5400E-03,+1.9004522E+00
-98.0900E-03,-6.2151257E+00
-97.6400E-03,+9.9406533E+00
-97.1900E-03,-12.2452765E+00
-96.7400E-03,+12.5662814E+00
-96.2900E-03,-13.6648745E+00
-95.8400E-03,+12.1642714E+00
-95.3900E-03,-9.7452765E+00
-94.9400E-03,+5.7321105E+00
-94.4900E-03,-2.5090956E+00
-94.0400E-03,-1.6925126E+00
-93.5900E-03,+6.1215578E+00
-93.1400E-03,-9.9337187E+00
-92.6900E-03,+11.5486935E+00
-92.2400E-03,-13.5518092E+00
-91.7900E-03,+13.2572362E+00
-91.3400E-03,-12.5593469E+00
-90.8900E-03,+9.6517086E+00
-90.4400E-03,-5.9261810E+00
-89.9900E-03,+1.7120100E+00
-89.5400E-03,+1.4984422E+00
-89.0900E-03,-6.5166333E+00
-88.6400E-03,+8.9356281E+00
-88.1900E-03,-12.3457791E+00
-87.7400E-03,+12.9557287E+00
-87.2900E-03,-13.6648745E+00
-86.8400E-03,+11.7622613E+00
-86.3900E-03,-9.7452765E+00
-85.9400E-03,+5.7321105E+00
-85.4900E-03,-2.2075880E+00
-85.0400E-03,-2.4965328E+00
-84.5900E-03,+5.3175377E+00
-84.1400E-03,-9.5317087E+00
-83.6900E-03,+11.7496985E+00
-83.2400E-03,-13.7528142E+00
-82.7900E-03,+13.2697990E+00
-82.3400E-03,-12.5593469E+00
-81.8900E-03,+9.4507035E+00
-81.4400E-03,-6.1271860E+00
-80.9900E-03,+2.1140200E+00
-80.5400E-03,+1.1089949E+00
-80.0900E-03,-6.5166333E+00
-79.6400E-03,+9.1366332E+00
-79.1900E-03,-12.1447740E+00
-78.7400E-03,+12.9682915E+00
-78.2900E-03,-13.5643720E+00
-77.8400E-03,+12.5662814E+00
-77.3900E-03,-9.5442715E+00
-76.9400E-03,+5.9331156E+00
-76.4900E-03,-2.9111056E+00
-76.0400E-03,-1.6925126E+00
-75.5900E-03,+5.6190452E+00
-75.1400E-03,-9.5317087E+00
-74.6900E-03,+11.9632664E+00
-74.2400E-03,-13.5518092E+00
-73.7900E-03,+12.9682915E+00
-73.3400E-03,-11.9563318E+00
-72.8900E-03,+10.2547236E+00
-72.4400E-03,-7.1322112E+00
-71.9900E-03,+2.1140200E+00
-71.5400E-03,+907.9899E-03
-71.0900E-03,-6.4161308E+00
-70.6400E-03,+9.1366332E+00
-70.1900E-03,-12.4462816E+00
-69.7400E-03,+12.7672865E+00
-69.2900E-03,-13.5643720E+00
-68.8400E-03,+11.3602513E+00
-68.3900E-03,-9.5442715E+00
-67.9400E-03,+6.1341206E+00
-67.4900E-03,-2.8106031E+00
-67.0400E-03,-2.6975378E+00
-66.5900E-03,+5.7195477E+00
-66.1400E-03,-10.1347238E+00
-65.6900E-03,+11.8502010E+00
-65.2400E-03,-13.5518092E+00
-64.7900E-03,+13.5587438E+00
-64.3400E-03,-12.5593469E+00
-63.8900E-03,+9.2496985E+00
-63.4400E-03,-6.5291961E+00
-62.9900E-03,+1.5110050E+00
-62.5400E-03,+706.9849E-03
-62.0900E-03,-6.2151257E+00
-61.6400E-03,+8.5336181E+00
-61.1900E-03,-12.0442715E+00
-60.7400E-03,+13.1567337E+00
-60.2900E-03,-13.8658796E+00
-59.8400E-03,+12.5662814E+00
-59.3900E-03,-10.2477891E+00
-58.9400E-03,+6.7371357E+00
-58.4900E-03,-3.0116081E+00
-58.0400E-03,-2.2955277E+00
-57.5900E-03,+5.7195477E+00
-57.1400E-03,-9.7327137E+00
-56.6900E-03,+12.4532161E+00
-56.2400E-03,-13.5518092E+00
-55.7900E-03,+13.3703015E+00
-55.3400E-03,-12.7603519E+00
-54.8900E-03,+9.5512060E+00
-54.4400E-03,-6.5291961E+00
-53.9900E-03,+2.1140200E+00
-53.5400E-03,+1.6994472E+00
-53.0900E-03,-6.1146232E+00
-52.6400E-03,+10.1416583E+00
-52.1900E-03,-12.0442715E+00
-51.7400E-03,+12.9557287E+00
-51.2900E-03,-13.5643720E+00
-50.8400E-03,+12.1642714E+00
-50.3900E-03,-9.7452765E+00
-49.9400E-03,+6.3351256E+00
-49.4900E-03,-2.6095981E+00
-49.0400E-03,-1.8935177E+00
-48.5900E-03,+5.4180402E+00
-48.1400E-03,-9.9337187E+00
-47.6900E-03,+11.3476885E+00
-47.2400E-03,-13.5643720E+00
-46.7900E-03,+13.2697990E+00
-46.3400E-03,-12.3583419E+00
-45.8900E-03,+9.0361307E+00
-45.4400E-03,-6.5291961E+00
-44.9900E-03,+1.7120100E+00
-44.5400E-03,+706.9849E-03
-44.0900E-03,-6.7176383E+00
-43.6400E-03,+8.7346231E+00
-43.1900E-03,-12.3457791E+00
-42.7400E-03,+12.3527136E+00
-42.2900E-03,-13.6648745E+00
-41.8400E-03,+11.5612563E+00
-41.3900E-03,-9.9462816E+00
-40.9400E-03,+6.5361306E+00
-40.4900E-03,-2.8106031E+00
-40.0400E-03,-2.6975378E+00
-39.5900E-03,+5.6190452E+00
-39.1400E-03,-9.3307037E+00
-38.6900E-03,+11.6491960E+00
-38.2400E-03,-13.3508042E+00
-37.7900E-03,+13.4708041E+00
-37.3400E-03,-12.5593469E+00
-36.8900E-03,+9.5512060E+00
-36.4400E-03,-7.3332162E+00
-35.9900E-03,+1.8125125E+00
-35.5400E-03,+1.6994472E+00
-35.0900E-03,-5.9136182E+00
-34.6400E-03,+8.5336181E+00
-34.1900E-03,-12.2452765E+00
-33.7400E-03,+12.7547237E+00
-33.2900E-03,-13.4638695E+00
-32.8400E-03,+12.7672865E+00
-32.3900E-03,-10.1472866E+00
-31.9400E-03,+6.3351256E+00
-31.4900E-03,-2.9111056E+00
-31.0400E-03,-2.8859800E+00
-30.5900E-03,+5.1165326E+00
-30.1400E-03,-9.5317087E+00
-29.6900E-03,+11.9507035E+00
-29.2400E-03,-13.5518092E+00
-28.7900E-03,+13.6718091E+00
-28.3400E-03,-12.5593469E+00
-27.8900E-03,+8.8476884E+00
-27.4400E-03,-6.9312062E+00
-26.9900E-03,+2.1140200E+00
-26.5400E-03,+1.1089949E+00
-26.0900E-03,-5.8131157E+00
-25.6400E-03,+9.5386432E+00
-25.1900E-03,-12.4462816E+00
-24.7400E-03,+12.9682915E+00
-24.2900E-03,-13.7653771E+00
-23.8400E-03,+12.3652764E+00
-23.3900E-03,-10.0467841E+00
-22.9400E-03,+5.9331156E+00
-22.4900E-03,-2.6095981E+00
-22.0400E-03,-2.6975378E+00
-21.5900E-03,+5.5185427E+00
-21.1400E-03,-9.5317087E+00
-20.6900E-03,+11.0461809E+00
-20.2400E-03,-13.5518092E+00
-19.7900E-03,+13.6718091E+00
-19.3400E-03,-12.5593469E+00
-18.8900E-03,+9.5512060E+00
-18.4400E-03,-7.1322112E+00
-17.9900E-03,+1.9130150E+00
-17.5400E-03,+2.3024623E+00
-17.0900E-03,-6.0141207E+00
-16.6400E-03,+9.1366332E+00
-16.1900E-03,-12.3457791E+00
-15.7400E-03,+12.7547237E+00
-15.2900E-03,-13.5643720E+00
-14.8400E-03,+11.1592463E+00
-14.3900E-03,-9.8457790E+00
-13.9400E-03,+5.7321105E+00
-13.4900E-03,-2.3080905E+00
-13.0400E-03,-2.0945227E+00
-12.5900E-03,+5.5185427E+00
-12.1400E-03,-9.5317087E+00
-11.6900E-03,+11.9507035E+00
-11.2400E-03,-13.3508042E+00
-10.7900E-03,+13.3703015E+00
-10.3400E-03,-12.7603519E+00
-9.8900E-03,+8.9481910E+00
-9.4400E-03,-6.5291961E+00
-8.9900E-03,+2.6165326E+00
-8.5400E-03,+1.6994472E+00
-8.0900E-03,-6.0141207E+00
-7.6400E-03,+8.7346231E+00
-7.1900E-03,-12.2452765E+00
-6.7400E-03,+14.1617588E+00
-6.2900E-03,-13.4638695E+00
-5.8400E-03,+11.7622613E+00
-5.3900E-03,-10.0467841E+00
-4.9400E-03,+5.9331156E+00
-4.4900E-03,-2.8106031E+00
-4.0400E-03,-1.6925126E+00
-3.5900E-03,+5.3175377E+00
-3.1400E-03,-8.9286936E+00
-2.6900E-03,+12.1517086E+00
-2.2400E-03,-13.5518092E+00
-1.7900E-03,+12.6542211E+00
-1.3400E-03,-12.1573368E+00
-890.0E-06,+10.0537186E+00
-440.0E-06,-6.5291961E+00
+10.0E-06,+1.6115075E+00
+460.0E-06,+1.3099999E+00
+910.0E-06,-6.0141207E+00
+1.3600E-03,+9.1366332E+00
+1.8100E-03,-12.2452765E+00
+2.2600E-03,+12.9557287E+00
+2.7100E-03,-13.6648745E+00
+3.1600E-03,+11.5612563E+00
+3.6100E-03,-10.4487941E+00
+4.0600E-03,+5.5311055E+00
+4.5100E-03,-2.9111056E+00
+4.9600E-03,-2.2955277E+00
+5.4100E-03,+6.0210553E+00
+5.8600E-03,-9.9337187E+00
+6.3100E-03,+11.9507035E+00
+6.7600E-03,-13.5518092E+00
+7.2100E-03,+12.4657789E+00
+7.6600E-03,-12.5593469E+00
+8.1100E-03,+10.1542211E+00
+8.5600E-03,-6.1271860E+00
+9.0100E-03,+2.4155276E+00
+9.4600E-03,+1.4984422E+00
+9.9100E-03,-6.2151257E+00
+10.3600E-03,+8.1441709E+00
+10.8100E-03,-12.2452765E+00
+11.2600E-03,+12.9682915E+00
+11.7100E-03,-13.6648745E+00
+12.1600E-03,+11.5612563E+00
+12.6100E-03,-9.9462816E+00
+13.0600E-03,+5.3301005E+00
+13.5100E-03,-2.9111056E+00
+13.9600E-03,-1.4915076E+00
+14.4100E-03,+4.9155276E+00
+14.8600E-03,-9.5317087E+00
+15.3100E-03,+11.7496985E+00
+15.7600E-03,-13.5518092E+00
+16.2100E-03,+12.9682915E+00
+16.6600E-03,-12.3583419E+00
+17.1100E-03,+9.5637689E+00
+17.5600E-03,-6.7302011E+00
+18.0100E-03,+2.2145226E+00
+18.4600E-03,+907.9899E-03
+18.9100E-03,-6.1146232E+00
+19.3600E-03,+9.5386432E+00
+19.8100E-03,-12.1447740E+00
+20.2600E-03,+12.5662814E+00
+20.7100E-03,-13.6648745E+00
+21.1600E-03,+12.1517086E+00
+21.6100E-03,-10.0467841E+00
+22.0600E-03,+6.5361306E+00
+22.5100E-03,-2.2075880E+00
+22.9600E-03,-2.0945227E+00
+23.4100E-03,+5.3175377E+00
+23.8600E-03,-9.3307037E+00
+24.3100E-03,+11.2471860E+00
+24.7600E-03,-13.5518092E+00
+25.2100E-03,+12.9682915E+00
+25.6600E-03,-12.5593469E+00
+26.1100E-03,+9.0486935E+00
+26.5600E-03,-6.7302011E+00
+27.0100E-03,+2.2145226E+00
+27.4600E-03,+1.6994472E+00
+27.9100E-03,-5.7126132E+00
+28.3600E-03,+8.5461809E+00
+28.8100E-03,-12.0442715E+00
+29.2600E-03,+13.3703015E+00
+29.7100E-03,-13.6648745E+00
+30.1600E-03,+11.9632664E+00
+30.6100E-03,-10.3482916E+00
+31.0600E-03,+6.9381407E+00
+31.5100E-03,-2.8106031E+00
+31.9600E-03,-2.6975378E+00
+32.4100E-03,+5.4180402E+00
+32.8600E-03,-9.7327137E+00
+33.3100E-03,+12.1642714E+00
+33.7600E-03,-13.5518092E+00
+34.2100E-03,+13.6592463E+00
+34.6600E-03,-12.5593469E+00
+35.1100E-03,+9.6517086E+00
+35.5600E-03,-7.3332162E+00
+36.0100E-03,+2.5160301E+00
+36.4600E-03,+706.9849E-03
+36.9100E-03,-6.1146232E+00
+37.3600E-03,+9.3376382E+00
+37.8100E-03,-12.1447740E+00
+38.2600E-03,+12.7547237E+00
+38.7100E-03,-13.6648745E+00
+39.1600E-03,+12.7547237E+00
+39.6100E-03,-10.0467841E+00
+40.0600E-03,+6.7371357E+00
+40.5100E-03,-3.0116081E+00
+40.9600E-03,-1.8935177E+00
+41.4100E-03,+5.8200502E+00
+41.8600E-03,-9.7327137E+00
+42.3100E-03,+11.3476885E+00
+42.7600E-03,-13.3508042E+00
+43.2100E-03,+13.6592463E+00
+43.6600E-03,-12.3583419E+00
+44.1100E-03,+10.0411558E+00
+44.5600E-03,-6.1271860E+00
+45.0100E-03,+2.0135175E+00
+45.4600E-03,+1.3099999E+00
+45.9100E-03,-5.9136182E+00
+46.3600E-03,+9.9406533E+00
+46.8100E-03,-11.9437690E+00
+47.2600E-03,+13.3577387E+00
+47.7100E-03,-13.5643720E+00
+48.1600E-03,+12.1642714E+00
+48.6100E-03,-10.1472866E+00
+49.0600E-03,+5.7321105E+00
+49.5100E-03,-3.1121106E+00
+49.9600E-03,-2.4965328E+00
+50.4100E-03,+5.6190452E+00
+50.8600E-03,-10.1347238E+00
+51.3100E-03,+11.4481910E+00
+51.7600E-03,-13.3508042E+00
+52.2100E-03,+12.8677890E+00
+52.6600E-03,-12.5593469E+00
+53.1100E-03,+9.3502010E+00
+53.5600E-03,-6.5291961E+00
+54.0100E-03,+2.5160301E+00
+54.4600E-03,+1.9004522E+00
+54.9100E-03,-5.9136182E+00
+55.3600E-03,+8.9356281E+00
+55.8100E-03,-11.9437690E+00
+56.2600E-03,+12.5537186E+00
+56.7100E-03,-13.5643720E+00
+57.1600E-03,+11.7622613E+00
+57.6100E-03,-9.8457790E+00
+58.0600E-03,+5.9331156E+00
+58.5100E-03,-2.4085931E+00
+58.9600E-03,-2.0945227E+00
+59.4100E-03,+5.6190452E+00
+59.8600E-03,-9.3307037E+00
+60.3100E-03,+11.5486935E+00
+60.7600E-03,-13.7528142E+00
+61.2100E-03,+13.5713066E+00
+61.6600E-03,-12.1573368E+00
+62.1100E-03,+10.3552261E+00
+62.5600E-03,-6.1271860E+00
+63.0100E-03,+2.9180402E+00
+63.4600E-03,+1.1089949E+00
+63.9100E-03,-5.5116082E+00
+64.3600E-03,+8.7346231E+00
+64.8100E-03,-11.9437690E+00
+65.2600E-03,+14.1617588E+00
+65.7100E-03,-13.5643720E+00
+66.1600E-03,+11.5612563E+00
+66.6100E-03,-10.3482916E+00
+67.0600E-03,+6.1341206E+00
+67.5100E-03,-2.7101006E+00
+67.9600E-03,-2.2955277E+00
+68.4100E-03,+4.9155276E+00
+68.8600E-03,-9.1296986E+00
+69.3100E-03,+11.4481910E+00
+69.7600E-03,-13.7528142E+00
+70.2100E-03,+13.6592463E+00
+70.6600E-03,-12.5593469E+00
+71.1100E-03,+10.3552261E+00
+71.5600E-03,-6.5291961E+00
+72.0100E-03,+2.1140200E+00
+72.4600E-03,+1.9004522E+00
+72.9100E-03,-6.5166333E+00
+73.3600E-03,+9.1366332E+00
+73.8100E-03,-12.0442715E+00
+74.2600E-03,+12.3652764E+00
+74.7100E-03,-13.6648745E+00
+75.1600E-03,+11.7622613E+00
+75.6100E-03,-10.3482916E+00
+76.0600E-03,+6.5361306E+00
+76.5100E-03,-3.0116081E+00
+76.9600E-03,-1.6925126E+00
+77.4100E-03,+5.4180402E+00
+77.8600E-03,-10.1347238E+00
+78.3100E-03,+11.7622613E+00
+78.7600E-03,-13.5518092E+00
+79.2100E-03,+12.8677890E+00
+79.6600E-03,-12.5593469E+00
+80.1100E-03,+10.1542211E+00
+80.5600E-03,-7.3332162E+00
+81.0100E-03,+2.9180402E+00
+81.4600E-03,+1.9004522E+00
+81.9100E-03,-5.9136182E+00
+82.3600E-03,+9.3376382E+00
+82.8100E-03,-12.2452765E+00
+83.2600E-03,+12.5662814E+00
+83.7100E-03,-13.6523117E+00
+84.1600E-03,+11.7622613E+00
+84.6100E-03,-9.8457790E+00
+85.0600E-03,+5.9331156E+00
+85.5100E-03,-2.6095981E+00
+85.9600E-03,-1.2905026E+00
+86.4100E-03,+5.3175377E+00
+86.8600E-03,-9.3307037E+00
+87.3100E-03,+12.3652764E+00
+87.7600E-03,-13.3633670E+00
+88.2100E-03,+13.3703015E+00
+88.6600E-03,-12.3583419E+00
+89.1100E-03,+9.7522111E+00
+89.5600E-03,-6.3281911E+00
+90.0100E-03,+2.5160301E+00
+90.4600E-03,+1.1089949E+00
+90.9100E-03,-5.5116082E+00
+91.3600E-03,+9.5386432E+00
+91.8100E-03,-12.0442715E+00
+92.2600E-03,+12.9682915E+00
+92.7100E-03,-13.4638695E+00
+93.1600E-03,+12.1642714E+00
+93.6100E-03,-9.8457790E+00
+94.0600E-03,+6.1341206E+00
+94.5100E-03,-3.0116081E+00
+94.9600E-03,-1.2905026E+00
+95.4100E-03,+5.3175377E+00
+95.8600E-03,-9.5317087E+00
+96.3100E-03,+11.9632664E+00
+96.7600E-03,-13.3633670E+00
+97.2100E-03,+13.3703015E+00
+97.6600E-03,-12.7603519E+00
+98.1100E-03,+9.6517086E+00
+98.5600E-03,-7.3332162E+00
+99.0100E-03,+2.1140200E+00
+99.4600E-03,+1.1089949E+00
+99.9100E-03,-6.3156283E+00
+100.3600E-03,+8.5336181E+00
+100.8100E-03,-11.9437690E+00
+101.2600E-03,+13.1567337E+00
+101.7100E-03,-13.6648745E+00
+102.1600E-03,+12.3527136E+00
+102.6100E-03,-10.1472866E+00
+103.0600E-03,+6.7371357E+00
+103.5100E-03,-2.9111056E+00
+103.9600E-03,-2.2955277E+00
+104.4100E-03,+5.2170351E+00
+104.8600E-03,-9.7327137E+00
+105.3100E-03,+11.4481910E+00
+105.7600E-03,-13.5518092E+00
+106.2100E-03,+12.9682915E+00
+106.6600E-03,-12.7603519E+00
+107.1100E-03,+9.6517086E+00
+107.5600E-03,-6.7302011E+00
+108.0100E-03,+2.6165326E+00
+108.4600E-03,+1.4984422E+00
+108.9100E-03,-6.3156283E+00
+109.3600E-03,+8.7346231E+00
+109.8100E-03,-11.9437690E+00
+110.2600E-03,+12.5537186E+00
+110.7100E-03,-13.6648745E+00
+111.1600E-03,+12.5662814E+00
+111.6100E-03,-9.9462816E+00
+112.0600E-03,+6.3351256E+00
+112.5100E-03,-3.1121106E+00
+112.9600E-03,-1.6925126E+00
+113.4100E-03,+5.4180402E+00
+113.8600E-03,-8.7276886E+00
+114.3100E-03,+11.4481910E+00
+114.7600E-03,-13.3508042E+00
+115.2100E-03,+13.1692965E+00
+115.6600E-03,-12.5593469E+00
+116.1100E-03,+9.8527136E+00
+116.5600E-03,-7.3332162E+00
+117.0100E-03,+2.7170351E+00
+117.4600E-03,+1.4984422E+00
+117.9100E-03,-6.1146232E+00
+118.3600E-03,+9.7396482E+00
+118.8100E-03,-11.9437690E+00
+119.2600E-03,+13.5587438E+00
+119.7100E-03,-13.6648745E+00
+120.1600E-03,+11.3602513E+00
+120.6100E-03,-9.7452765E+00
+121.0600E-03,+5.9331156E+00
+121.5100E-03,-2.5090956E+00
+121.9600E-03,-1.6925126E+00
+122.4100E-03,+5.0160301E+00
+122.8600E-03,-9.7327137E+00
+123.3100E-03,+11.1466834E+00
+123.7600E-03,-13.3508042E+00
+124.2100E-03,+13.5713066E+00
+124.6600E-03,-12.5593469E+00
+125.1100E-03,+9.7522111E+00
+125.5600E-03,-7.3332162E+00
+126.0100E-03,+2.6165326E+00
+126.4600E-03,+706.9849E-03
+126.9100E-03,-5.9136182E+00
+127.3600E-03,+8.7346231E+00
+127.8100E-03,-11.8432665E+00
+128.2600E-03,+13.3703015E+00
+128.7100E-03,-13.6648745E+00
+129.1600E-03,+12.9557287E+00
+129.6100E-03,-10.3482916E+00
+130.0600E-03,+5.7321105E+00
+130.5100E-03,-3.6146232E+00
+130.9600E-03,-1.2905026E+00
+131.4100E-03,+5.1165326E+00
+131.8600E-03,-9.3307037E+00
+132.3100E-03,+11.2471860E+00
+132.7600E-03,-13.3508042E+00
+133.2100E-03,+13.2697990E+00
+133.6600E-03,-12.7603519E+00
+134.1100E-03,+9.3502010E+00
+134.5600E-03,-6.3281911E+00
+135.0100E-03,+2.7170351E+00
+135.4600E-03,+706.9849E-03
+135.9100E-03,-5.9136182E+00
+136.3600E-03,+8.9356281E+00
+136.8100E-03,-11.9437690E+00
+137.2600E-03,+12.9682915E+00
+137.7100E-03,-13.7653771E+00
+138.1600E-03,+11.3602513E+00
+138.6100E-03,-10.3482916E+00
+139.0600E-03,+6.5361306E+00
+139.5100E-03,-3.0116081E+00
+139.9600E-03,-1.4915076E+00
+140.4100E-03,+4.9155276E+00
+140.8600E-03,-9.9337187E+00
+141.3100E-03,+11.7496985E+00
+141.7600E-03,-13.5518092E+00
+142.2100E-03,+13.2697990E+00
+142.6600E-03,-12.7603519E+00
+143.1100E-03,+9.5386432E+00
+143.5600E-03,-6.7302011E+00
+144.0100E-03,+2.4155276E+00
+144.4600E-03,+1.4984422E+00
+144.9100E-03,-5.3106031E+00
+145.3600E-03,+8.1441709E+00
+145.8100E-03,-11.7427640E+00
+146.2600E-03,+12.7547237E+00
+146.7100E-03,-13.5643720E+00
+147.1600E-03,+11.9632664E+00
+147.6100E-03,-10.0467841E+00
+148.0600E-03,+5.7321105E+00
+148.5100E-03,-3.3131157E+00
+148.9600E-03,-1.6925126E+00
+149.4100E-03,+4.9155276E+00
+149.8600E-03,-8.9286936E+00
+150.3100E-03,+11.7622613E+00
+150.7600E-03,-13.7528142E+00
+151.2100E-03,+12.5662814E+00
+151.6600E-03,-12.5593469E+00
+152.1100E-03,+10.2547236E+00
+152.5600E-03,-7.5342212E+00
+153.0100E-03,+2.3150251E+00
+153.4600E-03,+1.3099999E+00
+153.9100E-03,-6.2151257E+00
+154.3600E-03,+8.1316080E+00
+154.8100E-03,-11.7427640E+00
+155.2600E-03,+12.9557287E+00
+155.7100E-03,-13.7653771E+00
+156.1600E-03,+12.1642714E+00
+156.6100E-03,-10.2477891E+00
+157.0600E-03,+6.5361306E+00
+157.5100E-03,-3.0116081E+00
+157.9600E-03,-2.0945227E+00
+158.4100E-03,+5.6190452E+00
+158.8600E-03,-9.3307037E+00
+159.3100E-03,+11.9507035E+00
+159.7600E-03,-13.5518092E+00
+160.2100E-03,+12.8677890E+00
+160.6600E-03,-12.3583419E+00
+161.1100E-03,+9.9532161E+00
+161.5600E-03,-6.9312062E+00
+162.0100E-03,+2.1140200E+00
+162.4600E-03,+706.9849E-03
+162.9100E-03,-5.5116082E+00
+163.3600E-03,+9.1366332E+00
+163.8100E-03,-11.9437690E+00
+164.2600E-03,+13.3577387E+00
+164.7100E-03,-13.4638695E+00
+165.1600E-03,+11.9632664E+00
+165.6100E-03,-10.3482916E+00
+166.0600E-03,+6.7371357E+00
+166.5100E-03,-2.8106031E+00
+166.9600E-03,-1.4915076E+00
+167.4100E-03,+5.6190452E+00
+167.8600E-03,-9.5317087E+00
+168.3100E-03,+11.5612563E+00
+168.7600E-03,-13.3508042E+00
+169.2100E-03,+13.3703015E+00
+169.6600E-03,-12.5593469E+00
+170.1100E-03,+9.7522111E+00
+170.5600E-03,-6.7302011E+00
+171.0100E-03,+2.7170351E+00
+171.4600E-03,+304.9748E-03
+171.9100E-03,-5.5116082E+00
+172.3600E-03,+8.7346231E+00
+172.8100E-03,-11.9437690E+00
+173.2600E-03,+13.9607538E+00
+173.7100E-03,-13.6648745E+00
+174.1600E-03,+11.7622613E+00
+174.6100E-03,
+175.0600E-03,
+175.5100E-03,
+175.9600E-03,
+176.4100E-03,
+176.8600E-03,
+177.3100E-03,
+177.7600E-03,
+178.2100E-03,
+178.6600E-03,
+179.1100E-03,
+179.5600E-03,
+180.0100E-03,
+180.4600E-03,
+180.9100E-03,
+181.3600E-03,
+181.8100E-03,
+182.2600E-03,
+182.7100E-03,
+183.1600E-03,
+183.6100E-03,
+184.0600E-03,
+184.5100E-03,
+184.9600E-03,
+185.4100E-03,
+185.8600E-03,
+186.3100E-03,
+186.7600E-03,
+187.2100E-03,
+187.6600E-03,
+188.1100E-03,
+188.5600E-03,
+189.0100E-03,
+189.4600E-03,
+189.9100E-03,
+190.3600E-03,
+190.8100E-03,
+191.2600E-03,
+191.7100E-03,
+192.1600E-03,
+192.6100E-03,
+193.0600E-03,
+193.5100E-03,
+193.9600E-03,
+194.4100E-03,
+194.8600E-03,
+195.3100E-03,
+195.7600E-03,
+196.2100E-03,
+196.6600E-03,
+197.1100E-03,
+197.5600E-03,
+198.0100E-03,
+198.4600E-03,
+198.9100E-03,
+199.3600E-03,
+199.8100E-03,
+200.2600E-03,
+200.7100E-03,
+201.1600E-03,
+201.6100E-03,
+202.0600E-03,
+202.5100E-03,
+202.9600E-03,
+203.4100E-03,
+203.8600E-03,
+204.3100E-03,
+204.7600E-03,
+205.2100E-03,
+205.6600E-03,
+206.1100E-03,
+206.5600E-03,
+207.0100E-03,
+207.4600E-03,
+207.9100E-03,
+208.3600E-03,
+208.8100E-03,
+209.2600E-03,
+209.7100E-03,
+210.1600E-03,
+210.6100E-03,
+211.0600E-03,
+211.5100E-03,
+211.9600E-03,
+212.4100E-03,
+212.8600E-03,
+213.3100E-03,
+213.7600E-03,
+214.2100E-03,
+214.6600E-03,
+215.1100E-03,
+215.5600E-03,
+216.0100E-03,
+216.4600E-03,
+216.9100E-03,
+217.3600E-03,
+217.8100E-03,
+218.2600E-03,
+218.7100E-03,
+219.1600E-03,
+219.6100E-03,
+220.0600E-03,
+220.5100E-03,
+220.9600E-03,
+221.4100E-03,
+221.8600E-03,
+222.3100E-03,
+222.7600E-03,
+223.2100E-03,
+223.6600E-03,
+224.1100E-03,
+224.5600E-03,
+225.0100E-03,
+225.4600E-03,
+225.9100E-03,
+226.3600E-03,
+226.8100E-03,
+227.2600E-03,
+227.7100E-03,
+228.1600E-03,
+228.6100E-03,
+229.0600E-03,
+229.5100E-03,
+229.9600E-03,
+230.4100E-03,
+230.8600E-03,
+231.3100E-03,
+231.7600E-03,
+232.2100E-03,
+232.6600E-03,
+233.1100E-03,
+233.5600E-03,
+234.0100E-03,
+234.4600E-03,
+234.9100E-03,
+235.3600E-03,
+235.8100E-03,
+236.2600E-03,
+236.7100E-03,
+237.1600E-03,
+237.6100E-03,
+238.0600E-03,
+238.5100E-03,
+238.9600E-03,
+239.4100E-03,
+239.8600E-03,
+240.3100E-03,
+240.7600E-03,
+241.2100E-03,
+241.6600E-03,
+242.1100E-03,
+242.5600E-03,
+243.0100E-03,
+243.4600E-03,
+243.9100E-03,
+244.3600E-03,
+244.8100E-03,
+245.2600E-03,
+245.7100E-03,
+246.1600E-03,
+246.6100E-03,
+247.0600E-03,
+247.5100E-03,
+247.9600E-03,
+248.4100E-03,
+248.8600E-03,
+249.3100E-03,
+249.7600E-03,
+250.2100E-03,
+250.6600E-03,
+251.1100E-03,
+251.5600E-03,
+252.0100E-03,
+252.4600E-03,
+252.9100E-03,
+253.3600E-03,
+253.8100E-03,
+254.2600E-03,
+254.7100E-03,
+255.1600E-03,
+255.6100E-03,
+256.0600E-03,
+256.5100E-03,
+256.9600E-03,
+257.4100E-03,
+257.8600E-03,
+258.3100E-03,
+258.7600E-03,
+259.2100E-03,
+259.6600E-03,
+260.1100E-03,
+260.5600E-03,
+261.0100E-03,
+261.4600E-03,
+261.9100E-03,
+262.3600E-03,
+262.8100E-03,
+263.2600E-03,
+263.7100E-03,
+264.1600E-03,
+264.6100E-03,
+265.0600E-03,
+265.5100E-03,
+265.9600E-03,
+266.4100E-03,
+266.8600E-03,
+267.3100E-03,
+267.7600E-03,
+268.2100E-03,
+268.6600E-03,
+269.1100E-03,
+269.5600E-03,
+270.0100E-03,
+270.4600E-03,
+270.9100E-03,
+271.3600E-03,
+271.8100E-03,
+272.2600E-03,
+272.7100E-03,
+273.1600E-03,
+273.6100E-03,
+274.0600E-03,
+274.5100E-03,
+274.9600E-03,
+275.4100E-03,
+275.8600E-03,
+276.3100E-03,
+276.7600E-03,
+277.2100E-03,
+277.6600E-03,
+278.1100E-03,
+278.5600E-03,
+279.0100E-03,
+279.4600E-03,
+279.9100E-03,
+280.3600E-03,
+280.8100E-03,
+281.2600E-03,
+281.7100E-03,
+282.1600E-03,
+282.6100E-03,
+283.0600E-03,
+283.5100E-03,
+283.9600E-03,
+284.4100E-03,
+284.8600E-03,
+285.3100E-03,
+285.7600E-03,
+286.2100E-03,
+286.6600E-03,
+287.1100E-03,
+287.5600E-03,
+288.0100E-03,
+288.4600E-03,
+288.9100E-03,
+289.3600E-03,
+289.8100E-03,
+290.2600E-03,
+290.7100E-03,
+291.1600E-03,
+291.6100E-03,
+292.0600E-03,
+292.5100E-03,
+292.9600E-03,
+293.4100E-03,
+293.8600E-03,
+294.3100E-03,
+294.7600E-03,
+295.2100E-03,
+295.6600E-03,
+296.1100E-03,
+296.5600E-03,
+297.0100E-03,
+297.4600E-03,
+297.9100E-03,
+298.3600E-03,
+298.8100E-03,
+299.2600E-03,
+299.7100E-03,
+300.1600E-03,
+300.6100E-03,
+301.0600E-03,
+301.5100E-03,
+301.9600E-03,
+302.4100E-03,
+302.8600E-03,
+303.3100E-03,
+303.7600E-03,
+304.2100E-03,
+304.6600E-03,
+305.1100E-03,
+305.5600E-03,
+306.0100E-03,
+306.4600E-03,
+306.9100E-03,
+307.3600E-03,
+307.8100E-03,
+308.2600E-03,
+308.7100E-03,
+309.1600E-03,
+309.6100E-03,
+310.0600E-03,
+310.5100E-03,
+310.9600E-03,
+311.4100E-03,
+311.8600E-03,
+312.3100E-03,
+312.7600E-03,
+313.2100E-03,
+313.6600E-03,
+314.1100E-03,
+314.5600E-03,
+315.0100E-03,
+315.4600E-03,
+315.9100E-03,
+316.3600E-03,
+316.8100E-03,
+317.2600E-03,
+317.7100E-03,
+318.1600E-03,
+318.6100E-03,
+319.0600E-03,
+319.5100E-03,
+319.9600E-03,
+320.4100E-03,
+320.8600E-03,
+321.3100E-03,
+321.7600E-03,
+322.2100E-03,
+322.6600E-03,
+323.1100E-03,
+323.5600E-03,
+324.0100E-03,
+324.4600E-03,
+324.9100E-03,
+325.3600E-03,
+325.8100E-03,
+326.2600E-03,
+326.7100E-03,
+327.1600E-03,
+327.6100E-03,
+328.0600E-03,
+328.5100E-03,
+328.9600E-03,
+329.4100E-03,
+329.8600E-03,
+330.3100E-03,
+330.7600E-03,
+331.2100E-03,
+331.6600E-03,
+332.1100E-03,
+332.5600E-03,
+333.0100E-03,
+333.4600E-03,
+333.9100E-03,
+334.3600E-03,
+334.8100E-03,
+335.2600E-03,
+335.7100E-03,
+336.1600E-03,
+336.6100E-03,
+337.0600E-03,
+337.5100E-03,
+337.9600E-03,
+338.4100E-03,
+338.8600E-03,
+339.3100E-03,
+339.7600E-03,
+340.2100E-03,
+340.6600E-03,
+341.1100E-03,
+341.5600E-03,
+342.0100E-03,
+342.4600E-03,
+342.9100E-03,
+343.3600E-03,
+343.8100E-03,
+344.2600E-03,
+344.7100E-03,
+345.1600E-03,
+345.6100E-03,
+346.0600E-03,
+346.5100E-03,
+346.9600E-03,
+347.4100E-03,
+347.8600E-03,
+348.3100E-03,
+348.7600E-03,
+349.2100E-03,
+349.6600E-03,
+350.1100E-03,
+350.5600E-03,
+351.0100E-03,
+351.4600E-03,
+351.9100E-03,
+352.3600E-03,
+352.8100E-03,
+353.2600E-03,
+353.7100E-03,
+354.1600E-03,
+354.6100E-03,
+355.0600E-03,
+355.5100E-03,
+355.9600E-03,
+356.4100E-03,
+356.8600E-03,
+357.3100E-03,
+357.7600E-03,
+358.2100E-03,
+358.6600E-03,
+359.1100E-03,
+359.5600E-03,
+360.0100E-03,
+360.4600E-03,
+360.9100E-03,
+361.3600E-03,
+361.8100E-03,
+362.2600E-03,
+362.7100E-03,
+363.1600E-03,
+363.6100E-03,
+364.0600E-03,
+364.5100E-03,
+364.9600E-03,
+365.4100E-03,
+365.8600E-03,
+366.3100E-03,
+366.7600E-03,
+367.2100E-03,
+367.6600E-03,
+368.1100E-03,
+368.5600E-03,
+369.0100E-03,
+369.4600E-03,
+369.9100E-03,
+370.3600E-03,
+370.8100E-03,
+371.2600E-03,
+371.7100E-03,
+372.1600E-03,
+372.6100E-03,
+373.0600E-03,
+373.5100E-03,
+373.9600E-03,
+374.4100E-03,
+374.8600E-03,
+375.3100E-03,
+375.7600E-03,
+376.2100E-03,
+376.6600E-03,
+377.1100E-03,
+377.5600E-03,
+378.0100E-03,
+378.4600E-03,
+378.9100E-03,
+379.3600E-03,
+379.8100E-03,
+380.2600E-03,
+380.7100E-03,
+381.1600E-03,
+381.6100E-03,
+382.0600E-03,
+382.5100E-03,
+382.9600E-03,
+383.4100E-03,
+383.8600E-03,
+384.3100E-03,
+384.7600E-03,
+385.2100E-03,
+385.6600E-03,
+386.1100E-03,
+386.5600E-03,
+387.0100E-03,
+387.4600E-03,
+387.9100E-03,
+388.3600E-03,
+388.8100E-03,
+389.2600E-03,
+389.7100E-03,
+390.1600E-03,
+390.6100E-03,
+391.0600E-03,
+391.5100E-03,
+391.9600E-03,
+392.4100E-03,
+392.8600E-03,
+393.3100E-03,
+393.7600E-03,
+394.2100E-03,
+394.6600E-03,
+395.1100E-03,
+395.5600E-03,
+396.0100E-03,
+396.4600E-03,
+396.9100E-03,
+397.3600E-03,
+397.8100E-03,
+398.2600E-03,
+398.7100E-03,
+399.1600E-03,
+399.6100E-03,
+400.0600E-03,
+400.5100E-03,
+400.9600E-03,
+401.4100E-03,
+401.8600E-03,
+402.3100E-03,
+402.7600E-03,
+403.2100E-03,
+403.6600E-03,
+404.1100E-03,
+404.5600E-03,
+405.0100E-03,
+405.4600E-03,
+405.9100E-03,
+406.3600E-03,
+406.8100E-03,
+407.2600E-03,
+407.7100E-03,
+408.1600E-03,
+408.6100E-03,
+409.0600E-03,
+409.5100E-03,
+409.9600E-03,
+410.4100E-03,
+410.8600E-03,
+411.3100E-03,
+411.7600E-03,
+412.2100E-03,
+412.6600E-03,
+413.1100E-03,
+413.5600E-03,
+414.0100E-03,
+414.4600E-03,
+414.9100E-03,
+415.3600E-03,
+415.8100E-03,
+416.2600E-03,
+416.7100E-03,
+417.1600E-03,
+417.6100E-03,
+418.0600E-03,
+418.5100E-03,
+418.9600E-03,
+419.4100E-03,
+419.8600E-03,
+420.3100E-03,
+420.7600E-03,
+421.2100E-03,
+421.6600E-03,
+422.1100E-03,
+422.5600E-03,
+423.0100E-03,
+423.4600E-03,
+423.9100E-03,
+424.3600E-03,
+424.8100E-03,
+425.2600E-03,
+425.7100E-03,
+426.1600E-03,
+426.6100E-03,
+427.0600E-03,
+427.5100E-03,
+427.9600E-03,
+428.4100E-03,
+428.8600E-03,
+429.3100E-03,
+429.7600E-03,
+430.2100E-03,
+430.6600E-03,
+431.1100E-03,
+431.5600E-03,
+432.0100E-03,
+432.4600E-03,
+432.9100E-03,
+433.3600E-03,
+433.8100E-03,
+434.2600E-03,
+434.7100E-03,
+435.1600E-03,
+435.6100E-03,
+436.0600E-03,
+436.5100E-03,
+436.9600E-03,
+437.4100E-03,
+437.8600E-03,
+438.3100E-03,
+438.7600E-03,
+439.2100E-03,
+439.6600E-03,
+440.1100E-03,
+440.5600E-03,
+441.0100E-03,
+441.4600E-03,
+441.9100E-03,
+442.3600E-03,
+442.8100E-03,
+443.2600E-03,
+443.7100E-03,
+444.1600E-03,
+444.6100E-03,
+445.0600E-03,
+445.5100E-03,
+445.9600E-03,
+446.4100E-03,
+446.8600E-03,
+447.3100E-03,
+447.7600E-03,
+448.2100E-03,
+448.6600E-03,
+449.1100E-03,
+449.5600E-03,
